cpd;nome;classe
338919;"					  TRIUNFO FLEX 06.12.00 D:1,16-LITRO";ADJUVANTE OLEOSO
371851;"					  TRIUNFO NEUTRUM - LITRO";ADJUVANTE OLEOSO
594146;"					  ASSIST EC - BD/20LTS";ADJUVANTE OLEOSO
491428;"					  ACQUASIX FULL 05.1500 - LITRO";ADJUVANTE OLEOSO
"					  330110";"					  DISCO AGRO GL/5LTS";ADJUVANTE OLEOSO
"					  306299";"					  AUREO GL/5LTS";ADJUVANTE OLEOSO
"					  113792";"					  FULLTEC S - BAG 2 LTS";ADJUVANTE OLEOSO
"					  499380";"					  ACQUASIX FLY N - GL/05LTS";ADJUVANTE OLEOSO
"					  499399";"					  ACQUASIX FLY N - BD/20LTS";ADJUVANTE OLEOSO
"					  133294";"					  ASSIST  GL/5LTS";ADJUVANTE OLEOSO
"					  387639";"					  AUREO BD/20LTS";ADJUVANTE OLEOSO
"					  594154";"					  ASSIST EC - GL/5LTS";ADJUVANTE OLEOSO
"					  240236";"					  LANZAR  GL/5LTS";ADJUVANTE OLEOSO
"					  287354";"					  DISCO AGRO - LT";ADJUVANTE OLEOSO
"					  133286";"					  ASSIST - LT";ADJUVANTE OLEOSO
"					  475880";"					  FULLTEC (06.14.00) GL/5LTS";ADJUVANTE OLEOSO
"					  133308";"					  ASSIST  BD/20LTS";ADJUVANTE OLEOSO
"					  499410";"					  ACQUASIX FULL 05.1500 - BD/20LTS";ADJUVANTE OLEOSO
"					  475864";"					  EMULTEC PLUS TAMBOR 200LTS";ADJUVANTE OLEOSO
"					  222645";"					  NIMBUS  GL/5LTS";ADJUVANTE OLEOSO
"					  256798";"					  JOINT OIL - GL/5LTS";ADJUVANTE OLEOSO
"					  499402";"					  ACQUASIX FULL 05.1500 - GL/5LTS";ADJUVANTE OLEOSO
"					  475856";"					  EMULTEC PLUS - BD/20LTS";ADJUVANTE OLEOSO
"					  867681";"					  ADJUST PLATINUM - GL/05LTS";ADJUVANTE OLEOSO
"					  475848";"					  EMULTEC PLUS - GL/5LTS";ADJUVANTE OLEOSO
"					  360862";"					  DASH HC GL/05LTS";ADJUVANTE OLEOSO
"					  453097";"					  NIMBUS BD/20LTS";ADJUVANTE OLEOSO
"					  475902";"					  FULLTEC (06.14.00) TAMBOR 200LTS";ADJUVANTE OLEOSO
"					  763717";"					  AGRHO S BOOST ELX - GL/5LTS";ADJUVANTE OLEOSO
"					  762146";"					  MEES - BD/20LTS";ADJUVANTE OLEOSO
"					  754054";"					  OCHIMA - BD/20LTS";ADJUVANTE OLEOSO
"					  609801";"					  OCHIMA - GL/5LTS";ADJUVANTE OLEOSO
"					  766613";"					  IHAROL GOLD - GL/5LTS";ADJUVANTE OLEOSO
"					  579732";"					  JOINT OIL - BD/20LTS";ADJUVANTE OLEOSO
"					  475830";"					  EMULTEC PLUS - LT";ADJUVANTE OLEOSO
"					  283987";"					  FULLTEC (06.14.00) - LT";ADJUVANTE OLEOSO
"					  759595";"					  FULLTEC MAX FERT FOLIAR  - GL/10LTS";ADJUVANTE OLEOSO
"					  475899";"					  FULLTEC (06.14.00) BD/20LTS";ADJUVANTE OLEOSO
"					  587336";"					  IHAROL GOLD - BD/20LTS";ADJUVANTE OLEOSO
"					  444950";"					  ACQUASIX FLY N TAMBOR 200LTS";ADJUVANTE OLEOSO
"					  762120";"					  MEES - GL/5LTS";ADJUVANTE OLEOSO
"					  219407";"					  NATUR""L OLEO  BD/20LTS";ADJUVANTE OLEOSO
"					  865999";"					  ADJUST HERB - GL/05 LTS";ADJUVANTE OLEOSO
"					  845386";"					  RIZOSPRAY QUID OIL - GL/5LTS";ADJUVANTE OLEOSO
"					  222246";"					  NATUR""L OLEO TAMBOR 200LTS";ADJUVANTE OLEOSO
"					  865972";"					  ADJUST SILVER NT -GL/05LTS";ADJUVANTE OLEOSO
"					  1382";"					  AGRHO S BOOST IFA - GL/10LTS";ADJUVANTE OLEOSO
"					  757630";"					  NATURAL OLEO BD/20LTS";ADJUVANTE OLEOSO
"					  759587";"					  FULLTEC MAX FERT FOLIAR - GL/5LTS";ADJUVANTE OLEOSO
"					  759668";"					  EMULTEC MAX FERT FOLIAR - GL/10LTS";ADJUVANTE OLEOSO
"					  759609";"					  FULLTEC MAX - TAMBOR/200LTS";ADJUVANTE OLEOSO
"					  759676";"					  EMULTEC MAX FERT FOLIAR-TAMB/200LTS";ADJUVANTE OLEOSO
"					  759650";"					  EMULTEC MAX FERT FOLIAR - GL/5LTS";ADJUVANTE OLEOSO
"					  759579";"					  FULLTEC MAX - LT";ADJUVANTE OLEOSO
"					  3687";"					  JOINT ULTRA - GL/5LTS";ADJUVANTE OLEOSO
"					  2300";"					  STRIDES - GL/5LTS";ADJUVANTE OLEOSO
"					  806844";"					  FULLTEC S MAX FERT FOLIAR - GL/5LTS";ADJUVANTE OLEOSO
"					  759641";"					  EMULTEC MAX FERT FOLIAR - LT";ADJUVANTE OLEOSO
"					  806828";"					  EMULTEC S MAX FERT FOLIAR - GL/5LTS";ADJUVANTE OLEOSO
"					  759684";"					  EMULTEC MAX FERT FOLIAR-IBC/1000LTS";ADJUVANTE OLEOSO
"					  759617";"					  FULLTEC MAX - IBC/1000LTS";ADJUVANTE OLEOSO
"					  921600";"					  COMPATIVE MAX ADJ PET - LT";ADJUVANTE OLEOSO
"					  20728";"					  ADJUST HERB - BD/20 LTS";ADJUVANTE OLEOSO
"					  20726";"					  ADJUST SILVER NT - BD/20 LTS";ADJUVANTE OLEOSO
"					  22752";"					  ADGREEN - BD/20LTS";ADJUVANTE OLEOSO
"					  20729";"					  ADJUST PLATINUM - BD/20 LTS";ADJUVANTE OLEOSO
"					  488923";"					  ACQUASIX FLY N - LITRO";ADJUVANTE OLEOSO
"					  22371";"					  CELLUS FERT FOLIAR - TB 200LTS";ADJUVANTE OLEOSO
"					  806836";"					  FULLTEC S MAX FERT FOLIAR - 1LT";ADJUVANTE OLEOSO
"					  444969";"					  ACQUASIX FULL 05.1500 TAMBOR 200LTS";ADJUVANTE OLEOSO
"					  14130";"					  ORIX AD - BD/20LTS";ADJUVANTE OLEOSO
"					  14171";"					  ARVATICO - GL/05LTS";BIOLOGICOS
"					  16336";"					  BLUE N - PCT/5KG";BIOLOGICOS
"					  930177";"					  FLYCONTROL 2 LTS";BIOLOGICOS
"					  3802";"					  NEMACONTROL 2LTS";BIOLOGICOS
"					  23045";"					  NEMACONTROL SUPER 2LTS";BIOLOGICOS
"					  930126";"					  OCTANE SC - GL/5LTS";BIOLOGICOS
"					  406101";"					  RIZOTEC - PCT 2 KG";BIOLOGICOS
"					  797593";"					  SERENADE - GL/5LTS";BIOLOGICOS
"					  16139";"					  SOLUBPHOS 2LTS";BIOLOGICOS
"					  14150";"					  STIMUCONTROL (SC) - GL/5LTS";BIOLOGICOS
"					  7123";"					  TRIANUM DS - PCT 1 KG";BIOLOGICOS
"					  13986";"					  VOTIVO PRIME - GL/05LTS";BIOLOGICOS
"					  2315";"					  VOTIVO PRIME - LT";BIOLOGICOS
"					  360896";"					  ABACUS HC - GL/05LTS";FUNGICIDAS
"					  360900";"					  ABACUS HC - LITRO";FUNGICIDAS
"					  11074";"					  ABSOLUTO FIX - BD/20LTS";FUNGICIDAS
"					  906902";"					  ALADE - BD/20LTS";FUNGICIDAS
"					  906899";"					  ALADE - GL/5LTS";FUNGICIDAS
"					  236982";"					  APPROVE - PCT/1KG";FUNGICIDAS
"					  237555";"					  APPROVE - PCT/5KG";FUNGICIDAS
"					  9563";"					  APROACH POWER - BD/20LTS";FUNGICIDAS
"					  932954";"					  APROACH POWER - GL/10LTS";FUNGICIDAS
"					  13989";"					  APROACH PREMIUM - GL/10LTS";FUNGICIDAS
"					  383730";"					  APROACH PRIMA - GL/10LTS";FUNGICIDAS
"					  312964";"					  APROACH PRIMA - GL/5LTS";FUNGICIDAS
"					  312883";"					  APROACH PRIMA - LITRO";FUNGICIDAS
"					  584662";"					  ATIVUM - GL/10LTS";FUNGICIDAS
"					  20467";"					  ATIVUM - GL/5LTS";FUNGICIDAS
"					  2834";"					  BELYAN - GL/05LTS";FUNGICIDAS
"					  10264";"					  BELYAN - GL/10LTS";FUNGICIDAS
"					  911736";"					  BLAVITY - GL/10LTS";FUNGICIDAS
"					  911728";"					  BLAVITY - GL/5LTS";FUNGICIDAS
"					  403501";"					  BRAVONIL 500 - GL/5LTS";FUNGICIDAS
"					  788217";"					  BRAVONIL 720 - BD/20LTS";FUNGICIDAS
"					  340640";"					  BRAVONIL 720 - GL/5LTS";FUNGICIDAS
"					  903512";"					  BRAVONIL TOP - BD/20LTS";FUNGICIDAS
"					  383560";"					  CARBOMAX 500 SC - BD/20LTS";FUNGICIDAS
"					  332477";"					  CARBOMAX 500 SC - GL/ 05 LTS";FUNGICIDAS
"					  371987";"					  CERCOBIN 500 SC GL/10LTS";FUNGICIDAS
"					  708493";"					  CERCOBIN 875 WG - PCT/1KG";FUNGICIDAS
"					  665816";"					  CERCOBIN 875 WG - PCT/5KG";FUNGICIDAS
"					  371995";"					  CERTEZA N - GL/5 LTS";FUNGICIDAS
"					  366789";"					  CERTEZA N - LT";FUNGICIDAS
"					  481880";"					  COPSUPER - GL/5LTS";FUNGICIDAS
"					  704676";"					  CYPRESS 400 EC  -  LT";FUNGICIDAS
"					  403510";"					  CYPRESS 400 EC - BD/20LTS";FUNGICIDAS
"					  403528";"					  CYPRESS 400 EC - GL/5LTS";FUNGICIDAS
"					  264646";"					  DEROSAL PLUS - GL/5LTS";FUNGICIDAS
"					  449595";"					  ELATUS PCT/5KG";FUNGICIDAS
"					  3805";"					  EVOLUTION - PCT/10KG";FUNGICIDAS
"					  885";"					  EXCALIA MAX - BD/20LTS";FUNGICIDAS
"					  884";"					  EXCALIA MAX - GL/5LTS";FUNGICIDAS
"					  476770";"					  FOX - BD/20LTS";FUNGICIDAS
"					  370069";"					  FOX - GL/5LTS";FUNGICIDAS
"					  4177";"					  FOX SUPRA - BD/20LTS";FUNGICIDAS
"					  4176";"					  FOX SUPRA - GL/5LTS";FUNGICIDAS
"					  22950";"					  FOX ULTRA - BD/20LTS";FUNGICIDAS
"					  22949";"					  FOX ULTRA - GL/5LTS";FUNGICIDAS
"					  594013";"					  FOX XPRO - BD/20LTS";FUNGICIDAS
"					  594005";"					  FOX XPRO - GL/5LTS";FUNGICIDAS
"					  609479";"					  FUSAO EC - GL/10LTS";FUNGICIDAS
"					  906945";"					  FUSAO EC - GL/5LTS";FUNGICIDAS
"					  361124";"					  INFINITO - LITRO";FUNGICIDAS
"					  20924";"					  KASUMIN - GL/5LTS";FUNGICIDAS
"					  15384";"					  KEYRA - GL/5LTS";FUNGICIDAS
"					  385970";"					  MAXIM ADVANCED - BD/20LTS";FUNGICIDAS
"					  865785";"					  MAXIM ADVANCED - GL/05LTS";FUNGICIDAS
"					  243517";"					  MAXIM XL  -  LT";FUNGICIDAS
"					  10266";"					  MAXIM XL -  BD/20LTS";FUNGICIDAS
"					  244050";"					  MAXIM XL  GL/5LTS";FUNGICIDAS
"					  22882";"					  MELYRA - GL/10LTS";FUNGICIDAS
"					  10479";"					  MELYRA - GL/5LTS";FUNGICIDAS
"					  334135";"					  MERTIN 400 - GL/5LT";FUNGICIDAS
"					  202586";"					  MERTIN 400 - LT";FUNGICIDAS
"					  4181";"					  MIRAVIS - GL/5LTS";FUNGICIDAS
"					  4185";"					  MIRAVIS DUO - BD/20LTS";FUNGICIDAS
"					  4184";"					  MIRAVIS DUO - GL/5LTS";FUNGICIDAS
"					  17653";"					  MIRAVIS PRO - BD/20LTS";FUNGICIDAS
"					  17652";"					  MIRAVIS PRO - GL/5LTS";FUNGICIDAS
"					  906864";"					  MITRION - BD/20LTS";FUNGICIDAS
"					  906872";"					  MITRION - GL/5LTS";FUNGICIDAS
"					  283336";"					  NATIVO  GL/5LTS";FUNGICIDAS
"					  441241";"					  NATIVO BD/20LTS";FUNGICIDAS
"					  20718";"					  NATIVO PLUS - GL/5LTS";FUNGICIDAS
"					  10848";"					  ONSUVA - GL/5LTS";FUNGICIDAS
"					  258956";"					  OPERA  GL/5LTS";FUNGICIDAS
"					  393948";"					  ORKESTRA SC - GL/5LTS";FUNGICIDAS
"					  453118";"					  ORKESTRA SC - LT";FUNGICIDAS
"					  403307";"					  PREVINIL - BD/20LTS";FUNGICIDAS
"					  404257";"					  PREVINIL - GL/5LTS";FUNGICIDAS
"					  16517";"					  PREVINIL MAX - BD/20LTS";FUNGICIDAS
"					  453100";"					  PRIORI - XTRA BD/20LTS";FUNGICIDAS
"					  292033";"					  PRIORI - XTRA GL/5LTS";FUNGICIDAS
"					  929058";"					  PRIORI TOP - BD/20LTS";FUNGICIDAS
"					  929040";"					  PRIORI TOP - GL/5LTS";FUNGICIDAS
"					  356242";"					  RIVAL 200 EC GL/5LTS";FUNGICIDAS
"					  453207";"					  RIVAX - GL/5LTS";FUNGICIDAS
"					  264212";"					  ROVRAL SC - LITRO";FUNGICIDAS
"					  218830";"					  SCORE  GL/5LTS";FUNGICIDAS
"					  387794";"					  SCORE FLEXI - LT";FUNGICIDAS
"					  387808";"					  SCORE FLEXI GL/5LTS";FUNGICIDAS
"					  23290";"					  SEEKER - BD/20LTS";FUNGICIDAS
"					  323893";"					  SPHERE MAX - LITRO";FUNGICIDAS
"					  323877";"					  SPHERE MAX GL/5LTS";FUNGICIDAS
"					  7972";"					  SUGOY - GL/10LTS";FUNGICIDAS
"					  449722";"					  TILT - GL/5LTS";FUNGICIDAS
"					  27503";"					  UNIZEB FLOW - GL/05LTS";FUNGICIDAS
"					  481731";"					  UNIZEB GOLD PCT/10KG";FUNGICIDAS
"					  481740";"					  UNIZEB GOLD PCT/15KG";FUNGICIDAS
"					  2987";"					  VERANGO PRIME SC500 - GL/5LTS";FUNGICIDAS
"					  424800";"					  VERSATILIS/CORBEL - GL/5LTS";FUNGICIDAS
"					  284219";"					  VESSARYA - GL/10LTS";FUNGICIDAS
"					  23076";"					  VICTRATO - LT";FUNGICIDAS
"					  903695";"					  VIOVAN - GL/10LTS";FUNGICIDAS
"					  312603";"					  VITAVAX ULTRA - BD/20 LTS";FUNGICIDAS
"					  199828";"					  VITAVAX ULTRA - GL/5LTS";FUNGICIDAS
"					  187986";"					  VITAVAX ULTRA - LT";FUNGICIDAS
"					  299591";"					  ACCENT FR/0,10KG";HERBICIDAS
"					  8770";"					  ACCENT FR/0,30KG";HERBICIDAS
"					  17177";"					  ADENGO - LT";HERBICIDAS
"					  7298";"					  ADENGO GL/5LTS";HERBICIDAS
"					  8179";"					  ALLUS - GL/10LTS";HERBICIDAS
"					  369867";"					  ALLY - PCT/0,04 KG";HERBICIDAS
"					  379153";"					  AMINAMAR BD/20LTS";HERBICIDAS
"					  19556";"					  APICE - BD/20LTS";HERBICIDAS
"					  934173";"					  ARSENAL NA - BD/20LTS";HERBICIDAS
"					  587813";"					  ARSENAL NA - GL/5LTS";HERBICIDAS
"					  708025";"					  ARSENAL NA - LT";HERBICIDAS
"					  374769";"					  ARTYS BD/20L";HERBICIDAS
"					  374750";"					  ARTYS FR/1L";HERBICIDAS
"					  374777";"					  ARTYS GL/5L";HERBICIDAS
"					  214251";"					  ATERBANE BR-PASTAGEM  GL/5LT >";HERBICIDAS
"					  409680";"					  AURORA 400 EC - GL/5LTS";HERBICIDAS
"					  235577";"					  AURORA 400 EC - LT";HERBICIDAS
"					  8546";"					  AZBANY BD/20L >";HERBICIDAS
"					  179545";"					  BASAGRAN 600  GL/5LTS";HERBICIDAS
"					  253532";"					  BORAL 500 SC  GL/10LTS";HERBICIDAS
"					  374807";"					  BROWSER BD/20L";HERBICIDAS
"					  374793";"					  BROWSER GL/5L";HERBICIDAS
"					  1267";"					  BURNER  - BD/20LTS";HERBICIDAS
"					  874510";"					  CALARIS - BD/20LTS";HERBICIDAS
"					  797052";"					  CALARIS - GL/5LTS";HERBICIDAS
"					  274963";"					  CALLISTO  GL/5LTS";HERBICIDAS
"					  11548";"					  CARDEAL - GL/5LTS";HERBICIDAS
"					  190409";"					  CLASSIC PCT/0,30KG";HERBICIDAS
"					  361068";"					  CLASSIC PCT/2KG";HERBICIDAS
"					  478178";"					  CRUCIAL - BD/20LTS";HERBICIDAS
"					  876408";"					  CRUCIAL - GL/5LTS";HERBICIDAS
"					  763425";"					  CRUCIAL - IBC/1000LTS";HERBICIDAS
"					  455890";"					  DISPARO BTLHPE FR/1LT";HERBICIDAS
"					  455874";"					  DISPARO BTLHPE GL/5LT";HERBICIDAS
"					  116411";"					  DMA 806 BR  GL/5LTS";HERBICIDAS
"					  282184";"					  DMA 806 BR BD/20LTS";HERBICIDAS
"					  338589";"					  DRIBLE GL/10LTS";HERBICIDAS
"					  1212";"					  DUAL GOLD  BD/20LTS";HERBICIDAS
"					  240805";"					  DUAL GOLD  GL/5LTS";HERBICIDAS
"					  1381";"					  EDDUS - BD/20LTS";HERBICIDAS
"					  1269";"					  EDDUS - GL/5LTS";HERBICIDAS
"					  942729";"					  EGAN BD/20LTS";HERBICIDAS
"					  14136";"					  ELEVORE - LT";HERBICIDAS
"					  627";"					  ENLIST COLEX-D - BD/20LTS";HERBICIDAS
"					  445393";"					  FACERO SC - BD/20LTS";HERBICIDAS
"					  384130";"					  FINALE - BD/20LTS";HERBICIDAS
"					  486332";"					  FINALE - GL/10LTS";HERBICIDAS
"					  115393";"					  FLEX GL/5LTS";HERBICIDAS
"					  387679";"					  FLUMYZIN 500 PCT/1KG";HERBICIDAS
"					  7444";"					  FLUMYZIN 500 SC - GL/5 LTS";HERBICIDAS
"					  665822";"					  FLUMYZIN 500 SC - LT";HERBICIDAS
"					  139535";"					  FUSIFLEX GL/5LTS";HERBICIDAS
"					  264410";"					  FUSILADE 250 EW  GL/5LTS";HERBICIDAS
"					  14135";"					  GAPPER - GL/5LTS";HERBICIDAS
"					  14134";"					  GAPPER - LT";HERBICIDAS
"					  8805";"					  GARLON 480 BR FR/1L";HERBICIDAS
"					  202261";"					  GESAPRIM GRDA   PCT/10KG";HERBICIDAS
"					  578830";"					  GLADIUM PACOTE 0,25KG";HERBICIDAS
"					  109075";"					  GLI OVER BD/20LTS";HERBICIDAS
"					  453086";"					  GRAMOCIL - BD/20LTS";HERBICIDAS
"					  112670";"					  GRAMOCIL - GL/5LTS";HERBICIDAS
"					  383924";"					  GRAMOXONE 200 - BD/20LTS";HERBICIDAS
"					  24282";"					  GRAMOXONE 200 - GL/5LTS";HERBICIDAS
"					  384124";"					  HEAT FR/0,35KG";HERBICIDAS
"					  844310";"					  HELMOQUAT - BD/20LTS";HERBICIDAS
"					  382782";"					  HELMOXONE BD/20LTS";HERBICIDAS
"					  851940";"					  JAGUAR ULTRA S BD/20LT";HERBICIDAS
"					  851931";"					  JAGUAR ULTRA S BD/50LTS";HERBICIDAS
"					  448";"					  KYOJIN - GL/10LTS";HERBICIDAS
"					  447";"					  KYOJIN - LT";HERBICIDAS
"					  8547";"					  LONGAR BD/20L >";HERBICIDAS
"					  836";"					  MIRANT - BD/20LTS";HERBICIDAS
"					  352506";"					  NAVAJO PCT/5KG";HERBICIDAS
"					  751982";"					  NUFOSATE  IBC/1000LTS";HERBICIDAS
"					  579543";"					  NUFOSATE BD/20LTS";HERBICIDAS
"					  980710";"					  OFF ROAD - BD/20LTS";HERBICIDAS
"					  912528";"					  OFFER 200 SL - BD/20LTS";HERBICIDAS
"					  231067";"					  PACTO  PCT/0,24KG";HERBICIDAS
"					  8768";"					  PACTO  PCT/0,48KG";HERBICIDAS
"					  455688";"					  PADRON BD/20LT";HERBICIDAS
"					  455726";"					  PADRON FR/1LT";HERBICIDAS
"					  455769";"					  PADRON GL/5LT";HERBICIDAS
"					  8787";"					  PALACE ULTRA S BD/20L";HERBICIDAS
"					  8788";"					  PALACE ULTRA S BD/50L";HERBICIDAS
"					  362825";"					  PANORAMIC  FR/1L >";HERBICIDAS
"					  315821";"					  PANORAMIC BD/20LT";HERBICIDAS
"					  362817";"					  PANORAMIC GL/5LT >";HERBICIDAS
"					  362809";"					  PANORAMIC TB/200LTS";HERBICIDAS
"					  356027";"					  PANORAMIC TB/50LT >";HERBICIDAS
"					  453155";"					  PANTHER 120 EC GL/5LTS";HERBICIDAS
"					  941609";"					  PAXEO - PCT/0,220 KG";HERBICIDAS
"					  941617";"					  PAXEO - PCT/0,880 KG";HERBICIDAS
"					  374882";"					  PIQUE BD/20L";HERBICIDAS
"					  455866";"					  PLANADOR FR/1LT >";HERBICIDAS
"					  8783";"					  PLANADOR XT-S GL/10L";HERBICIDAS
"					  8777";"					  PLANADOR XT-S GL/5L";HERBICIDAS
"					  387830";"					  PODIUM EW GL/5LTS";HERBICIDAS
"					  220499";"					  PRIMOLEO  BD/20LTS";HERBICIDAS
"					  138407";"					  PRIMOLEO  GL/5LTS";HERBICIDAS
"					  49994";"					  PROOF - BD/20LTS";HERBICIDAS
"					  665890";"					  PROOF - BD/20LTS";HERBICIDAS
"					  9539";"					  REATOR 360 CS - BD/20LTS";HERBICIDAS
"					  354762";"					  REGLONE BD/20LTS";HERBICIDAS
"					  135823";"					  REGLONE GL/5LTS";HERBICIDAS
"					  193106";"					  ROUNDUP ORIGINAL  BD/20LTS";HERBICIDAS
"					  481500";"					  ROUNDUP ORIGINAL DI - BD/20LTS";HERBICIDAS
"					  481497";"					  ROUNDUP ORIGINAL DI - GL/5LTS";HERBICIDAS
"					  481489";"					  ROUNDUP ORIGINAL DI - LT";HERBICIDAS
"					  815530";"					  ROUNDUP ORIGINAL MAIS BD/20LTS";HERBICIDAS
"					  226691";"					  ROUNDUP TRANSORB  BD/20LTS";HERBICIDAS
"					  339216";"					  ROUNDUP TRANSORB R BD/20LTS";HERBICIDAS
"					  309805";"					  ROUNDUP ULTRA PCT/5KG";HERBICIDAS
"					  202660";"					  ROUNDUP WG   PCT/5KG";HERBICIDAS
"					  188994";"					  SANSON 40 SC  GL/5LTS";HERBICIDAS
"					  182708";"					  SANSON 40 SC - GL/5LTS";HERBICIDAS
"					  761902";"					  SANSON EVO - GL/5LTS";HERBICIDAS
"					  383886";"					  SELECT 240 EC - BD/20LTS";HERBICIDAS
"					  367333";"					  SELECT 240 EC - GL/5LTS";HERBICIDAS
"					  141211";"					  SELECT 240 EC - LT";HERBICIDAS
"					  498187";"					  SELECT ONE PACK GL/5LTS";HERBICIDAS
"					  845893";"					  SNIPER BD/20L";HERBICIDAS
"					  317280";"					  SOBERAN - LITRO";HERBICIDAS
"					  317298";"					  SOBERAN GL/5LTS";HERBICIDAS
"					  1268";"					  SONDA  - BD/20LTS";HERBICIDAS
"					  8589";"					  SONDA  HT - BD/20LTS";HERBICIDAS
"					  231075";"					  SPIDER 840 WG  PCT/0,21KG";HERBICIDAS
"					  8769";"					  SPIDER 840 WG  PCT/0,42KG";HERBICIDAS
"					  874839";"					  SPRAYKILL - BD/20LTS";HERBICIDAS
"					  758";"					  SPRAYKILL - BD/20LTS";HERBICIDAS
"					  7318";"					  STINGER WG PCT/5KG";HERBICIDAS
"					  760914";"					  STONE - BD/20 LTS";HERBICIDAS
"					  455718";"					  STOPPER BD/20LT >";HERBICIDAS
"					  15972";"					  SUMYZIN 500 SC - GL/5 LTS";HERBICIDAS
"					  493339";"					  TARGA 50 EC - GL/5LTS";HERBICIDAS
"					  584792";"					  TARGA MAX - GL/5LTS";HERBICIDAS
"					  6858";"					  TARGA MAX HT - GL/5LTS";HERBICIDAS
"					  26804";"					  TERRADOR 339 SC - GL/5LTS";HERBICIDAS
"					  310676";"					  TOGAR TB BD/20LTS >";HERBICIDAS
"					  262124";"					  TOPIK 240 EC - LT";HERBICIDAS
"					  374858";"					  TRACTOR - BD/20L";HERBICIDAS
"					  374831";"					  TRACTOR - FR/1L >";HERBICIDAS
"					  374840";"					  TRACTOR - GL/5L";HERBICIDAS
"					  475314";"					  TRICEA - LITRO";HERBICIDAS
"					  393747";"					  TRICLON BD/20LT";HERBICIDAS
"					  393739";"					  TRICLON GL/5LT";HERBICIDAS
"					  455661";"					  TRUENO BD/20LT >";HERBICIDAS
"					  455734";"					  TRUENO GL/5LT >";HERBICIDAS
"					  589897";"					  TRUENO XT GL/10L >";HERBICIDAS
"					  589960";"					  TRUENO XT GL/5L >";HERBICIDAS
"					  900991";"					  TRUENO XT S BTLHPE GL/10L BRA";HERBICIDAS
"					  900983";"					  TRUENO XT S BTLHPE GL/5L BRA";HERBICIDAS
"					  966687";"					  TRUNFO - BD/20LTS";HERBICIDAS
"					  455750";"					  TRUPER BD/20LT";HERBICIDAS
"					  455815";"					  TRUPER GL/5LT";HERBICIDAS
"					  330227";"					  U 46 BR - BD/20LTS";HERBICIDAS
"					  314604";"					  U 46 BR - GL/5LTS";HERBICIDAS
"					  376480";"					  U 46 PRIME - BD/20LT";HERBICIDAS
"					  376472";"					  U 46 PRIME GL/5LTS";HERBICIDAS
"					  933037";"					  VERDICT MAX - BD/20LTS";HERBICIDAS
"					  708041";"					  VERDICT MAX - GL/5LTS";HERBICIDAS
"					  607644";"					  VERDICT MAX - LT";HERBICIDAS
"					  257864";"					  VERDICT R  GL/5LTS";HERBICIDAS
"					  22460";"					  VERDICT ULTRA - GL/5LTS";HERBICIDAS
"					  933673";"					  XEQUE MATE - BD/20LTS";HERBICIDAS
"					  9062";"					  XEQUE MATE HT - BD/20LTS";HERBICIDAS
"					  874669";"					  YAMATO SC - LT";HERBICIDAS
"					  329415";"					  ZAPP QI 620 (PRO) - BD/20LTS";HERBICIDAS
"					  329407";"					  ZAPP QI 620 (PRO) - GL/5LTS";HERBICIDAS
"					  404603";"					  ZAPP QI 620 (PRO) - IBC/1000LTS";HERBICIDAS
"					  838";"					  ZETHAMAXX - BD/20LTS";HERBICIDAS
"					  40865";"					  ZETHAMAXX - GL/5LTS";HERBICIDAS
"					  20694";"					  ZETHAMAXX EVO - BD/20LTS";HERBICIDAS
"					  373996";"					  ZETHAPYR 106 SL BD/20LT";HERBICIDAS
"					  16689";"					  INOC. ACTIBIOX GRAM. 3,0LTS (30DS)";INOCULANTES
"					  16690";"					  INOC. ACTIBIOX GRAM. TURFA 500(5DS)";INOCULANTES
"					  18063";"					  INOC. ACTIBIOX SOJA. 3,0LTS(50 DS)";INOCULANTES
"					  599901";"					  INOC. COINOCULACAO SOJA LIQ. 1,5LTS";INOCULANTES
"					  599910";"					  INOC. COINOCULACAO SOJA TURFO. 500G";INOCULANTES
"					  483482";"					  INOC. GELFIX TOP-3,0LT (30DS)";INOCULANTES
"					  23069";"					  INOC. SIMBIOSE GRAM. 2LTS (20DS)";INOCULANTES
"					  18064";"					  INOC.ACTIBIOX SOJA TURFA600GR(10DS)";INOCULANTES
"					  14120";"					  INOC.MASTER L DUAL FORCE 2LT(20DS)";INOCULANTES
"					  14842";"					  INOC.MASTERFIX GRAM. 2LTS (20DS)";INOCULANTES
"					  326751";"					  INOC.MASTERFIX GRAM.1,5LTS (15DS)";INOCULANTES
"					  337893";"					  INOC.MASTERFIX GRAM.FR/500ML (5DS)";INOCULANTES
"					  448539";"					  INOC.MASTERFIX GRAM.TURFA 500GR-5DS";INOCULANTES
"					  403128";"					  INOC.MASTERFIX L PREMIER 1,5LT 15DS";INOCULANTES
"					  306211";"					  INOC.MASTERFIX LIQUIDO 1,5LTS(15DS)";INOCULANTES
"					  14844";"					  INOC.MASTERFIX LIQUIDO 2LTS (20DS)";INOCULANTES
"					  274880";"					  INOC.MASTERFIX TURFA PCT/500G (5DS)";INOCULANTES
"					  452307";"					  INOC.NITRAGIN CELL-TECH 3LTS (20DS)";INOCULANTES
"					  938803";"					  INOC.NITRO1000 GRAM. 1,5LTS (15DS)";INOCULANTES
"					  938811";"					  INOC.NITRO1000 GRAM. TURFA 500GR-5D";INOCULANTES
"					  387939";"					  INOC.NITRO1000 LIQUID-1,5LTS (15DS)";INOCULANTES
"					  452331";"					  INOC.NITRO1000 LIQUID-3,0LTS (30DS)";INOCULANTES
"					  452340";"					  INOC.NITRO1000 LIQUID-6,0LTS (60DS)";INOCULANTES
"					  387947";"					  INOC.NITRO1000 TURFOSO-500 GR (5DS)";INOCULANTES
"					  481582";"					  ABAMEX - GL/05LTS";INSETICIDAS
"					  481590";"					  ABAMEX - LITRO";INSETICIDAS
"					  8766";"					  ABAMEX MAXX - GL/5LTS";INSETICIDAS
"					  10542";"					  ABAMEX MAXX - LT";INSETICIDAS
"					  354750";"					  AMPLIGO - LITRO";INSETICIDAS
"					  383750";"					  AMPLIGO GL/5LTS";INSETICIDAS
"					  457843";"					  AVATAR 150 EC GL/5LTS";INSETICIDAS
"					  388850";"					  AVICTA 500 FS - GL/05LTS";INSETICIDAS
"					  1375";"					  BAZUKA 216 SL - BD/20LTS";INSETICIDAS
"					  387640";"					  BELT GL/5LTS";INSETICIDAS
"					  425950";"					  BOLD GL/5LTS";INSETICIDAS
"					  1377";"					  BRILHANTEBR - BD/20LTS";INSETICIDAS
"					  1489";"					  BRILHANTEBR - GL/5LTS";INSETICIDAS
"					  397298";"					  BULLDOCK 125 SC - LITRO";INSETICIDAS
"					  243495";"					  CERTERO - LT";INSETICIDAS
"					  383521";"					  CERTERO GL/5LTS";INSETICIDAS
"					  279058";"					  CONNECT - LT";INSETICIDAS
"					  387659";"					  CONNECT BD/20LTS";INSETICIDAS
"					  288910";"					  CONNECT GL/5LTS";INSETICIDAS
"					  292216";"					  CROPSTAR  GL/5LTS";INSETICIDAS
"					  292208";"					  CROPSTAR - LT";INSETICIDAS
"					  287050";"					  CRUISER 350 FS - LT";INSETICIDAS
"					  385567";"					  CRUISER 350 FS GL/5LTS";INSETICIDAS
"					  866913";"					  CURBIX 200 SC - BD/20LTS";INSETICIDAS
"					  900356";"					  CURBIX 200 SC - GL/5LTS";INSETICIDAS
"					  399061";"					  CURYOM 550 CE - BD/20LTS";INSETICIDAS
"					  449719";"					  CURYOM 550 CE - GL/5LTS";INSETICIDAS
"					  243525";"					  CURYOM 550 CE - LT";INSETICIDAS
"					  387667";"					  CYPTRIN 250 CE - GL/5LTS";INSETICIDAS
"					  289126";"					  CYPTRIN 250 CE - LT";INSETICIDAS
"					  10909";"					  CYPTRIN PRIME - GL/5LTS";INSETICIDAS
"					  9476";"					  DERMACOR - GL/5LTS";INSETICIDAS
"					  451373";"					  DERMACOR - LT";INSETICIDAS
"					  326862";"					  DIMAX 480 SC - LITRO";INSETICIDAS
"					  42295";"					  DIMILIN  PCT/0,5KG";INSETICIDAS
"					  370918";"					  DIMILIN 80 WG  PCT/0,5KG";INSETICIDAS
"					  22510";"					  EFFICON - GL/5LTS";INSETICIDAS
"					  17655";"					  ELESTAL NEO - PCT/5KG";INSETICIDAS
"					  453074";"					  ENGEO PLENO S - BD/20LTS";INSETICIDAS
"					  326552";"					  ENGEO PLENO S - GL/5LTS";INSETICIDAS
"					  290370";"					  ENGEO PLENO S - LT";INSETICIDAS
"					  440444";"					  EPINGLE 100 - LT";INSETICIDAS
"					  481523";"					  EXALT - GL/5LTS";INSETICIDAS
"					  481752";"					  EXALT - LT";INSETICIDAS
"					  20699";"					  EXPEDITION - GL/10LTS";INSETICIDAS
"					  803350";"					  EXPEDITION - GL/5LTS";INSETICIDAS
"					  217311";"					  FASTAC 100 - LT";INSETICIDAS
"					  100201";"					  FASTAC 100 SC - GL/5LTS";INSETICIDAS
"					  227384";"					  FASTAC 100 SC - LT";INSETICIDAS
"					  450571";"					  FASTAC DUO - GL/5LTS";INSETICIDAS
"					  3646";"					  FEROCE - PCT/10KG";INSETICIDAS
"					  381367";"					  FERRAMOL SC/1KG";INSETICIDAS
"					  403603";"					  FORTENZA 600 FS - GL/5LTS";INSETICIDAS
"					  80324";"					  FORTENZA 600 FS - LT";INSETICIDAS
"					  169775";"					  GASTOXIN B-57  ENV.3 PAST.( 9G )";INSETICIDAS
"					  767559";"					  HERO - GL/5LTS";INSETICIDAS
"					  13398";"					  HERO - LT";INSETICIDAS
"					  303536";"					  IMUNIT  - LITRO";INSETICIDAS
"					  53394";"					  INSIDE FS - GL/5LTS";INSETICIDAS
"					  445233";"					  INSIDE FS - LT";INSETICIDAS
"					  453147";"					  INTREPID 240 SC - BD/20LTS";INSETICIDAS
"					  453139";"					  INTREPID 240 SC - GL/5LTS";INSETICIDAS
"					  783490";"					  KAISO 250 CS - GL/05 LTS";INSETICIDAS
"					  385303";"					  KAISO 250 CS - LT";INSETICIDAS
"					  813313";"					  KARATE ZEON 250  CS - BD/20LTS";INSETICIDAS
"					  275001";"					  KARATE ZEON 250  CS - LT";INSETICIDAS
"					  22498";"					  KLORPAN 480 EC - BD/20LTS";INSETICIDAS
"					  368212";"					  KLORPAN 480 EC - GL/10LTS";INSETICIDAS
"					  368204";"					  KLORPAN 480 EC - LT";INSETICIDAS
"					  766560";"					  LANNATE BR - BD/20LTS";INSETICIDAS
"					  262406";"					  LANNATE BR - GL/10LTS";INSETICIDAS
"					  119492";"					  LANNATE BR - LT";INSETICIDAS
"					  227929";"					  LARVIN 800 WG - PCT/1KG";INSETICIDAS
"					  15385";"					  MARSHAL STAR - BD/20LTS";INSETICIDAS
"					  758762";"					  MATCH EC - BD/20LTS";INSETICIDAS
"					  268811";"					  MATCH EC - GL/5LTS";INSETICIDAS
"					  262740";"					  NOMOLT 150 - GL/5LTS";INSETICIDAS
"					  202950";"					  NOMOLT 150 - LT";INSETICIDAS
"					  367321";"					  NUPRID 700WG 1KG";INSETICIDAS
"					  488820";"					  NUPRID 700WG 5KG";INSETICIDAS
"					  317251";"					  OBERON - LITRO";INSETICIDAS
"					  374611";"					  OBERON SC 240 GL/5LTS";INSETICIDAS
"					  292526";"					  ORTHENE 750 BR  (PCT 3KG HIDRO)";INSETICIDAS
"					  483402";"					  ORTHENE 750 BR  (PCT 5KG HIDRO)";INSETICIDAS
"					  758061";"					  PERITO 970 SG - PCT/10KG";INSETICIDAS
"					  768180";"					  PERITO 970 SG - PCT/5KG";INSETICIDAS
"					  466656";"					  PICUS 600 SC - GL/5LTS";INSETICIDAS
"					  393964";"					  PICUS 600 SC - LT";INSETICIDAS
"					  393950";"					  PIRATE GL/5LTS";INSETICIDAS
"					  452124";"					  PIREPHOS EC GL/5LTS";INSETICIDAS
"					  903541";"					  POLYTRIN - BD/20LTS";INSETICIDAS
"					  903533";"					  POLYTRIN - GL/5LTS";INSETICIDAS
"					  383742";"					  PREMIO - GL/5LTS";INSETICIDAS
"					  331963";"					  PREMIO - LITRO";INSETICIDAS
"					  26597";"					  PREMIO STAR - BD/20LTS";INSETICIDAS
"					  9538";"					  PREMIO STAR - GL/10LTS";INSETICIDAS
"					  9537";"					  PREMIO STAR - GL/5LTS";INSETICIDAS
"					  628524";"					  PROCLAIM 50 - PCT/3KG";INSETICIDAS
"					  584560";"					  PROCLAIM 50 - PCT/5KG";INSETICIDAS
"					  868487";"					  SLUGGO - SC/20KG";INSETICIDAS
"					  764118";"					  SPERTO - PCT/5KG";INSETICIDAS
"					  231098";"					  STANDAK - LT";INSETICIDAS
"					  337872";"					  STANDAK TOP - GL/05LTS";INSETICIDAS
"					  337864";"					  STANDAK TOP - LT";INSETICIDAS
"					  7683";"					  STANDAK TOP - TAMBOR/200LTS";INSETICIDAS
"					  7594";"					  SUMIRODY 300 - GL/05LTS";INSETICIDAS
"					  906524";"					  SUMIRODY 300 - LT";INSETICIDAS
"					  420102";"					  TALISMAN - BD/20LTS";INSETICIDAS
"					  409695";"					  TALISMAN - GL/5LTS";INSETICIDAS
"					  409709";"					  TALSTAR 100 EC - GL/10LTS";INSETICIDAS
"					  325432";"					  TALSTAR 100 EC - GL/5LTS";INSETICIDAS
"					  23636";"					  TALSTAR 400 - GL/5LTS";INSETICIDAS
"					  4023";"					  TERMINUS - GL/10LTS";INSETICIDAS
"					  11268";"					  VERDAVIS - BD/20LTS";INSETICIDAS
"					  9654";"					  VERDAVIS - GL/5LTS";INSETICIDAS
"					  8314";"					  ZEUS - GL/10LTS";INSETICIDAS
"					  807151";"					  ZEUS - GL/5LTS";INSETICIDAS
"					  376123";"					  ";MICRONUTRIENTES
"					  426826";"					  ABSORTEC COOPER FERT FOLIAR BAG 5L";MICRONUTRIENTES
"					  759566";"					  ABSORTEC MAX (IR) FERT FOL GL/10LTS";MICRONUTRIENTES
"					  245134";"					  AGROSIX  BD/20LTS";MICRONUTRIENTES
"					  245142";"					  AGROSIX  GL/5LTS";MICRONUTRIENTES
"					  842277";"					  AGROSIX + BD/20LTS";MICRONUTRIENTES
"					  870777";"					  AGROSIX + IBC/1000 LTS";MICRONUTRIENTES
"					  358448";"					  AMINOSEED PLUS (CO 0,5% MO 5%) - LT";MICRONUTRIENTES
"					  383868";"					  BIOZYME T. F. GL/5LTS";MICRONUTRIENTES
"					  372190";"					  BIOZYME TF - LT";MICRONUTRIENTES
"					  338110";"					  BOROSOL (ACIDO BORICO) SC/25KG";MICRONUTRIENTES
"					  276255";"					  CELLERATE FR/1000ML";MICRONUTRIENTES
"					  337882";"					  CELLERATE GL/5LTS";MICRONUTRIENTES
"					  212465";"					  CO-MO  (STOLLER)  - LT";MICRONUTRIENTES
"					  383612";"					  CO-MO (STOLLER) BD/20LTS";MICRONUTRIENTES
"					  212457";"					  CO-MO (STOLLER) GL/5LTS";MICRONUTRIENTES
"					  404512";"					  CO-MO PLATINUM  D.1.57 IBC/1000LTS";MICRONUTRIENTES
"					  383620";"					  CO-MO PLATINUM D.1,57 BD/20LTS";MICRONUTRIENTES
"					  372025";"					  CO-MO PLATINUM D.1.57  LT";MICRONUTRIENTES
"					  372017";"					  CO-MO PLATINUM D.1.57 GL/5LTS";MICRONUTRIENTES
"					  462660";"					  CUBO FERT. FOLIAR BAG 2 LTS";MICRONUTRIENTES
"					  759728";"					  CUBO IR FERT. FOLIAR - GL/10LTS";MICRONUTRIENTES
"					  759710";"					  CUBO IR FERT. FOLIAR - GL/5LTS";MICRONUTRIENTES
"					  759701";"					  CUBO IR FERT. FOLIAR - LT";MICRONUTRIENTES
"					  22953";"					  ENERGISE - GL/5LTS";MICRONUTRIENTES
"					  595792";"					  FOLICARE 12 00 38 1,7MG 2,6S SC25KG";MICRONUTRIENTES
"					  8682";"					  FOLICARE PHOS (KRISTA MAP) SC 25KG";MICRONUTRIENTES
"					  761072";"					  FOLTRON PLUS BD/20 LTS";MICRONUTRIENTES
"					  761064";"					  FOLTRON PLUS GL/5 LTS";MICRONUTRIENTES
"					  806858";"					  FRUTIFIK - BD/20 LTS";MICRONUTRIENTES
"					  450581";"					  HOLD BD/20LTS";MICRONUTRIENTES
"					  450590";"					  HOLD GL/5LTS";MICRONUTRIENTES
"					  478281";"					  KRISTA K 12 00 43 SC/25KG";MICRONUTRIENTES
"					  309080";"					  KRISTA K 45 S  SC/25KG";MICRONUTRIENTES
"					  465570";"					  KRISTA MAP 12 61 00 SC/25KG";MICRONUTRIENTES
"					  326740";"					  MASTERMINS 14-06-04 BD/20LTS D1,29";MICRONUTRIENTES
"					  326694";"					  MASTERMINS 14-06-04 GL/5LTS D1,29";MICRONUTRIENTES
"					  326724";"					  MASTERMINS ZINCO 14-06-04 BD/20LTS";MICRONUTRIENTES
"					  381741";"					  MOVER BD/20LTS";MICRONUTRIENTES
"					  381733";"					  MOVER GL/5LTS";MICRONUTRIENTES
"					  404571";"					  MOVER IBC/1000LTS";MICRONUTRIENTES
"					  468529";"					  NITROPLUS D1,32 BD/20LTS";MICRONUTRIENTES
"					  806882";"					  NITROPLUS NT - BD/20 LTS";MICRONUTRIENTES
"					  16300";"					  P-51 BD/20LTS";MICRONUTRIENTES
"					  426818";"					  PACK SEED FERT FOLIAR BAG 2 LTS";MICRONUTRIENTES
"					  9016";"					  PACK SEED G2 FERT FOLIAR GL 5LTS";MICRONUTRIENTES
"					  498932";"					  PHYTOGARD 28 26 - BD/20LTS";MICRONUTRIENTES
"					  16920";"					  PHYTOGARD MAGNESIO - BD/20LTS";MICRONUTRIENTES
"					  450557";"					  PHYTOGARD MANGANES        BD/20 LTS";MICRONUTRIENTES
"					  307894";"					  PHYTOGARD MANGANES        BD/30 LTS";MICRONUTRIENTES
"					  264384";"					  PHYTOGARD POTASSIO BD/20LTS";MICRONUTRIENTES
"					  313088";"					  PHYTOGARD POTASSIO BD/30LTS";MICRONUTRIENTES
"					  482130";"					  PHYTOGARD POTASSIO IBC/1000LTS";MICRONUTRIENTES
"					  450212";"					  PHYTOGARD ZINCO BD/20 LTS";MICRONUTRIENTES
"					  453270";"					  PREMIUM MN GL/5LTS";MICRONUTRIENTES
"					  303651";"					  PROFOL COMO 225 - LITRO";MICRONUTRIENTES
"					  338102";"					  PROFOL NICOMO DRY PCT/1KG";MICRONUTRIENTES
"					  2386";"					  RE-LEAF - BD/20LTS";MICRONUTRIENTES
"					  2385";"					  RE-LEAF - GL/5LTS";MICRONUTRIENTES
"					  1128";"					  SEND - GL/5LTS";MICRONUTRIENTES
"					  212570";"					  SETT (CAB2) BD/20LTS";MICRONUTRIENTES
"					  243794";"					  STARTER COBRE BD/20LTS";MICRONUTRIENTES
"					  466178";"					  STARTER MANGANES ADHERA BD/20LTS";MICRONUTRIENTES
"					  212490";"					  STARTER MANGANES PLATINUM BD/20LTS";MICRONUTRIENTES
"					  285556";"					  STARTER MANGANES PLATINUM BD/30LT";MICRONUTRIENTES
"					  482181";"					  STARTER MN PLATINUM IBC/1000LTS";MICRONUTRIENTES
"					  223114";"					  STIMULATE  - LT";MICRONUTRIENTES
"					  326600";"					  STIMULATE  GL/5LTS";MICRONUTRIENTES
"					  383604";"					  STIMULATE BD /20LTS";MICRONUTRIENTES
"					  13610";"					  STIMULATE IBC 1000LTS";MICRONUTRIENTES
"					  284940";"					  STOLLER BORO BD/20LTS";MICRONUTRIENTES
"					  290711";"					  STOLLER BORO GL/5LTS";MICRONUTRIENTES
"					  586777";"					  STOLLER BORO IBC/1000LTS";MICRONUTRIENTES
"					  379607";"					  STOLLER MAGNESIO BD/20LTS";MICRONUTRIENTES
"					  483471";"					  TRACTUS KIT EVOLUTION+IMAN PCT 12KG";MICRONUTRIENTES
"					  9370";"					  TRACTUS KIT EVOLUTION+IMAN PCT 4KG";MICRONUTRIENTES
"					  22047";"					  TRACTUS REFORCE FERT FOLIAR PCT12KG";MICRONUTRIENTES
"					  759515";"					  TWIN PACK MAX FERT. FOLIAR -GL/5LTS";MICRONUTRIENTES
"					  759523";"					  TWIN PACK MAX FERT. FOLIAR-GL/10LTS";MICRONUTRIENTES
"					  628658";"					  ULTRA K FERT FOLIAR BAG 2 LTS";MICRONUTRIENTES
"					  759558";"					  ULTRA K MAX FERT. FOLIAR - GL/10LTS";MICRONUTRIENTES
"					  759540";"					  ULTRA K MAX FERT. FOLIAR - GL/5LTS";MICRONUTRIENTES
"					  759744";"					  ULTRA MN MAX FERT. FOLIAR - GL/5LTS";MICRONUTRIENTES
"					  759752";"					  ULTRA MN MAX FERT. FOLIAR -GL/10LTS";MICRONUTRIENTES
"					  358456";"					  ULTRA PLUS MN FOSFITO BAG 2 LTS";MICRONUTRIENTES
"					  574116";"					  ULTRA TWIN PACK GL/5LTS";MICRONUTRIENTES
"					  476882";"					  YARAVITA BORTRAC 65N150B GL/10LTS";MICRONUTRIENTES
"					  3790";"					  YARAVITA GLYTREL MNP + MO GL/10LTS";MICRONUTRIENTES
"					  379046";"					  YARAVITA GLYTREL MNP GL/10LTS";MICRONUTRIENTES
"					  755056";"					  YARAVITA GLYTREL MNP GL/5LTS";MICRONUTRIENTES
"					  934155";"					  YARAVITA MANCOZIN - GL/5LTS";MICRONUTRIENTES
"					  358987";"					  YARAVITA MANCOZIN GL/10LTS";MICRONUTRIENTES
"					  581";"					  YARAVITA NMOL - BD/20LTS";MICRONUTRIENTES
"					  1039";"					  YARAVITA NMOL - IBC / 1000LTS";MICRONUTRIENTES
"					  353560";"					  YARAVITA THIOTRAC GL/10LTS";MICRONUTRIENTES
"					  358960";"					  YARAVITA ZINTRAC GL/10LTS";MICRONUTRIENTES
"					  448595";"					  YARAVITA ZINTRAC GL/5LTS";MICRONUTRIENTES
